1,Bella Italia,Japanese,Medium,Williamsburg,5:43,13:54,1.5,0
2,Sushi Samurai,Indian,Medium,Williamsburg,5:14,19:36,4.9,1
3,The Spice Route,Italian,High,Bushwick,11:38,14:05,2.0,1
4,The Spice Route,Mediterranean,High,Lower East Side,4:35,21:13,2.2,1
5,Bella Italia,Indian,Low,Midtown,5:50,17:13,1.8,1
6,Sushi Samurai,Mediterranean,Medium,Chelsea,10:51,21:23,3.6,1
7,The Spice Route,Mexican,Low,Williamsburg,1:30,21:43,2.5,0
8,Flaming Grill,Mexican,High,Bushwick,4:38,16:30,2.2,0
9,Bella Italia,Italian,Low,Williamsburg,7:36,14:00,2.4,1
10,The Golden Spoon,Japanese,Medium,Midtown,7:15,21:55,3.1,1
11,Taste of Tokyo,Indian,Low,Midtown,1:45,22:53,2.1,0
12,Mama Mia's Pizzeria,French,Medium,Midtown,4:13,17:23,1.1,0
13,The Golden Spoon,French,Medium,Greenpoint,3:45,20:53,1.3,1
14,Sushi Samurai,Greek,High,Greenpoint,8:11,20:25,4.5,1
15,The Spice Route,Mexican,Medium,Williamsburg,6:04,16:27,3.6,1
16,Sizzling Salsa,Italian,Low,Astoria,0:32,18:32,3.6,0
17,The Hungry Panda,Chinese,High,Williamsburg,3:44,19:15,1.8,1
18,Taste of Tokyo,French,High,Greenpoint,5:45,18:28,3.7,0
19,Taste of Tokyo,Japanese,Medium,Park Slope,10:42,14:38,3.9,1
20,Mama Mia's Pizzeria,Korean,Low,Lower East Side,10:55,20:46,1.9,0
21,Sizzling Salsa,Thai,Medium,Midtown,2:12,22:20,1.2,0
22,Sizzling Salsa,Korean,Low,Chelsea,7:37,14:58,1.2,1
23,Sizzling Salsa,Indian,Low,Midtown,0:04,21:58,3.0,0
24,The Spice Route,Mexican,High,Astoria,11:39,22:21,1.6,1
25,Sushi Samurai,Japanese,Medium,Chelsea,3:28,13:28,3.1,0
26,Taste of Tokyo,Indian,High,Upper East Side,2:34,23:24,2.5,0
27,Mama Mia's Pizzeria,Mexican,High,Greenpoint,2:16,23:20,3.0,0
28,Bella Italia,Indian,High,Upper East Side,0:00,15:26,4.6,0
29,Flaming Grill,Italian,High,Bushwick,1:19,22:37,4.3,1
30,Sushi Samurai,Italian,Low,Upper East Side,2:49,13:55,1.0,0
31,The Hungry Panda,Greek,High,Williamsburg,10:43,15:50,1.7,0
32,Sizzling Salsa,Chinese,Medium,Greenpoint,3:18,15:28,4.7,1
33,The Hungry Panda,Mexican,Low,Harlem,3:12,15:24,3.5,1
34,Cafe Parisienne,Korean,High,Lower East Side,9:15,23:30,1.9,1
35,Flaming Grill,Indian,Medium,Greenpoint,11:04,20:54,4.4,1
36,Flaming Grill,Mexican,Medium,Greenpoint,4:06,22:19,3.3,0
37,Mama Mia's Pizzeria,Greek,High,Astoria,9:53,15:23,3.4,1
38,The Hungry Panda,Greek,High,Williamsburg,7:18,21:36,4.6,0
39,Taste of Tokyo,Thai,Low,Lower East Side,10:34,13:44,1.8,0
40,The Spice Route,French,Low,Bushwick,7:29,16:00,2.0,0
41,Sizzling Salsa,Japanese,High,Park Slope,3:55,20:44,2.2,0
42,The Spice Route,Mexican,High,Astoria,2:20,19:08,1.7,1
43,Bella Italia,Mediterranean,High,Astoria,8:46,23:00,3.6,0
44,Flaming Grill,Japanese,High,Greenpoint,3:58,16:51,5.0,0
45,Mama Mia's Pizzeria,French,High,Midtown,1:41,18:57,1.5,1
46,Flaming Grill,Indian,High,Park Slope,11:28,13:09,2.8,1
47,Mama Mia's Pizzeria,Korean,Medium,Chelsea,2:07,15:39,1.3,1
48,Sizzling Salsa,Greek,Medium,Park Slope,8:38,22:52,1.5,0
49,Mama Mia's Pizzeria,Thai,High,Bushwick,7:54,18:00,2.3,1
50,The Golden Spoon,Chinese,Low,Chelsea,7:54,15:47,4.9,0
51,Sizzling Salsa,Chinese,Low,Upper East Side,3:40,13:20,1.8,0
52,Cafe Parisienne,Italian,Medium,Lower East Side,11:18,20:25,3.2,1
53,Cafe Parisienne,Chinese,High,Midtown,9:38,20:09,3.9,1
54,The Golden Spoon,Greek,Medium,Midtown,1:34,15:09,1.4,0
55,Flaming Grill,Italian,High,Harlem,7:45,14:13,3.6,1
56,Sushi Samurai,Japanese,Low,Astoria,5:13,22:02,4.2,0
57,Bella Italia,Italian,High,Bushwick,11:06,23:40,2.6,0
58,Sushi Samurai,Italian,Low,Harlem,6:38,19:35,1.9,0
59,The Golden Spoon,Greek,Medium,Astoria,8:48,19:07,1.4,0
60,The Hungry Panda,Thai,High,Greenpoint,3:50,19:52,2.1,0
61,Sushi Samurai,Korean,Low,Astoria,0:08,14:33,2.3,1
62,The Golden Spoon,Mediterranean,High,Park Slope,9:05,23:10,3.7,1
63,Sizzling Salsa,Chinese,Low,Astoria,6:51,17:17,4.2,0
64,Taste of Tokyo,Indian,Medium,Park Slope,8:14,19:05,4.9,1
65,Flaming Grill,Korean,Medium,Chelsea,3:27,17:42,4.3,0
66,Taste of Tokyo,Korean,High,Lower East Side,8:11,16:00,1.9,0
67,Sushi Samurai,Japanese,Medium,Greenpoint,2:06,14:45,1.9,0
68,Flaming Grill,Indian,High,Greenpoint,0:39,13:22,2.7,0
69,Sushi Samurai,Thai,Medium,Lower East Side,6:12,12:14,3.7,0
70,The Spice Route,Thai,High,Astoria,11:37,15:17,3.7,1
71,Bella Italia,Indian,High,Upper East Side,9:41,22:49,4.4,1
72,The Golden Spoon,Japanese,High,Astoria,11:20,16:21,4.4,1
73,Sizzling Salsa,Korean,High,Lower East Side,6:18,22:53,4.7,1
74,The Spice Route,Italian,Low,Bushwick,2:50,21:54,2.6,0
75,Bella Italia,Korean,Low,Williamsburg,10:41,14:00,4.6,1
76,Flaming Grill,French,High,Harlem,4:10,21:00,1.2,1
77,Flaming Grill,Mediterranean,Medium,Williamsburg,5:14,16:15,2.0,0
78,Mama Mia's Pizzeria,Greek,Medium,Chelsea,6:15,15:05,3.7,1
79,Sizzling Salsa,Mexican,Medium,Midtown,2:59,21:44,4.6,0
80,Mama Mia's Pizzeria,Mexican,High,Williamsburg,4:27,15:44,1.1,1
81,Sushi Samurai,Japanese,Medium,Lower East Side,11:57,19:29,1.4,0
82,Cafe Parisienne,French,Medium,Midtown,9:26,21:05,2.8,1
83,The Spice Route,Chinese,High,Williamsburg,8:24,16:24,2.1,1
84,The Golden Spoon,Thai,Low,Chelsea,3:12,16:43,3.1,0
85,The Spice Route,Thai,Low,Harlem,4:23,20:02,1.6,0
86,Flaming Grill,Mexican,High,Upper East Side,2:10,13:50,1.4,1
87,Bella Italia,Chinese,High,Upper East Side,11:02,21:37,3.0,1
88,Sizzling Salsa,Italian,Low,Lower East Side,3:08,23:27,4.8,1
89,The Hungry Panda,Mediterranean,High,Chelsea,4:51,19:26,4.8,1
90,Mama Mia's Pizzeria,French,Medium,Bushwick,0:21,20:15,2.3,1
91,Flaming Grill,Korean,High,Midtown,6:38,14:36,3.4,1
92,Taste of Tokyo,French,Low,Bushwick,3:29,17:28,1.5,1
93,Sizzling Salsa,Japanese,Low,Chelsea,8:32,15:46,4.2,0
94,Taste of Tokyo,Italian,Low,Astoria,9:05,12:35,4.5,0
95,Bella Italia,Japanese,High,Upper East Side,2:58,16:08,2.2,0
96,The Spice Route,Greek,Low,Chelsea,1:41,19:10,1.0,0
97,The Golden Spoon,Mexican,Low,Lower East Side,3:07,12:54,3.1,0
98,The Spice Route,Italian,High,Lower East Side,9:46,14:52,4.5,0
99,Mama Mia's Pizzeria,Mexican,Low,Bushwick,11:20,22:17,4.5,1
100,The Golden Spoon,Greek,Medium,Upper East Side,4:19,22:30,1.9,0
101,Sizzling Salsa,Mediterranean,Medium,Park Slope,3:37,21:44,3.9,0
102,Mama Mia's Pizzeria,French,Medium,Lower East Side,11:55,20:33,1.2,1
103,Sushi Samurai,Korean,Low,Upper East Side,6:16,20:13,4.9,0
104,Mama Mia's Pizzeria,Indian,Low,Astoria,10:45,20:14,3.1,0
105,Mama Mia's Pizzeria,Japanese,High,Chelsea,10:48,23:10,2.4,1
106,Taste of Tokyo,Thai,Low,Bushwick,6:02,13:48,2.9,1
107,Cafe Parisienne,Greek,Low,Greenpoint,3:18,13:24,3.0,0
108,The Golden Spoon,Japanese,Low,Park Slope,9:42,14:32,1.6,1
109,Cafe Parisienne,Greek,Low,Bushwick,10:40,20:47,2.4,0
110,Mama Mia's Pizzeria,French,Low,Park Slope,9:17,22:28,4.3,1
111,The Golden Spoon,Italian,Medium,Williamsburg,2:36,21:00,2.8,1
112,Mama Mia's Pizzeria,Greek,Low,Lower East Side,9:26,20:22,2.0,1
113,Sushi Samurai,Thai,Low,Williamsburg,2:36,21:43,4.3,1
114,Sushi Samurai,Mediterranean,High,Park Slope,9:12,18:58,2.2,1
115,Flaming Grill,French,Low,Harlem,4:28,21:58,1.7,0
116,Bella Italia,Greek,Medium,Chelsea,2:53,14:36,1.0,0
117,Mama Mia's Pizzeria,French,High,Upper East Side,6:14,21:05,2.8,0
118,Sizzling Salsa,Indian,Low,Park Slope,5:39,12:25,4.8,1
119,The Golden Spoon,Thai,High,Bushwick,2:09,13:34,2.2,0
120,The Spice Route,Greek,Medium,Park Slope,10:43,15:36,3.2,0
121,Taste of Tokyo,Indian,High,Harlem,2:37,15:26,1.5,0
122,Bella Italia,Greek,Low,Astoria,5:38,17:24,2.8,0
123,Taste of Tokyo,Mediterranean,High,Lower East Side,9:36,13:25,3.2,0
124,Mama Mia's Pizzeria,Italian,High,Lower East Side,8:29,17:30,2.2,1
125,Sushi Samurai,Mexican,Low,Williamsburg,2:33,19:47,4.3,1
126,Flaming Grill,Indian,High,Harlem,4:30,21:32,4.4,0
127,The Golden Spoon,Korean,Medium,Astoria,10:22,14:26,2.3,0
128,Mama Mia's Pizzeria,Mexican,High,Astoria,2:54,13:28,3.4,1
129,The Spice Route,French,High,Williamsburg,5:19,16:12,3.2,0
130,The Spice Route,French,Low,Williamsburg,9:38,17:15,2.7,1
131,Taste of Tokyo,Greek,Medium,Williamsburg,3:17,19:03,4.4,1
132,Bella Italia,Indian,Low,Astoria,7:44,15:09,4.6,0
133,The Spice Route,Mexican,Medium,Lower East Side,9:47,15:38,1.6,1
134,Sizzling Salsa,Indian,Low,Midtown,8:03,17:56,3.9,1
135,Sushi Samurai,Mediterranean,Medium,Bushwick,4:25,20:26,4.9,0
136,Sizzling Salsa,Mediterranean,Low,Williamsburg,7:52,20:07,1.7,0
137,Bella Italia,Mediterranean,Medium,Park Slope,6:33,22:27,4.3,0
138,Bella Italia,Indian,Medium,Astoria,4:33,20:24,4.6,0
139,The Spice Route,Thai,Low,Williamsburg,5:18,16:40,4.8,0
140,Flaming Grill,Indian,High,Bushwick,6:23,15:20,2.0,0
141,Sizzling Salsa,Indian,Medium,Midtown,5:20,17:16,1.8,0
142,Taste of Tokyo,Mediterranean,High,Bushwick,0:11,15:57,2.8,1
143,Bella Italia,French,Medium,Park Slope,9:18,18:53,4.4,1
144,Sizzling Salsa,Greek,Medium,Park Slope,0:09,21:34,3.5,0
145,Sushi Samurai,French,Medium,Chelsea,3:49,20:07,4.8,0
146,Mama Mia's Pizzeria,Mediterranean,Medium,Harlem,5:47,20:55,2.4,1
147,Sushi Samurai,Mexican,Low,Harlem,10:26,21:54,2.1,0
148,The Spice Route,Mexican,Medium,Park Slope,11:28,18:59,1.5,1
149,The Spice Route,Japanese,Medium,Upper East Side,3:27,15:37,4.9,0
150,The Spice Route,Thai,Medium,Astoria,1:44,13:12,1.1,0
151,The Golden Spoon,Japanese,High,Astoria,3:53,16:05,4.4,0
152,Mama Mia's Pizzeria,Mexican,High,Bushwick,5:17,23:49,4.0,1
153,Cafe Parisienne,Italian,High,Harlem,6:33,16:51,3.4,1
154,The Golden Spoon,Korean,Medium,Lower East Side,5:37,15:45,3.8,0
155,Flaming Grill,Japanese,Low,Bushwick,3:07,19:42,4.4,0
156,The Spice Route,Japanese,Medium,Upper East Side,1:27,23:46,2.6,1
157,Taste of Tokyo,Korean,High,Williamsburg,3:12,17:07,3.4,0
158,Mama Mia's Pizzeria,Indian,High,Harlem,9:03,20:37,1.1,0
159,Taste of Tokyo,Indian,High,Greenpoint,6:18,13:00,3.4,0
160,Taste of Tokyo,Chinese,Medium,Upper East Side,5:38,17:43,2.4,1
161,The Golden Spoon,Chinese,Low,Harlem,0:22,22:11,1.7,0
162,The Golden Spoon,Thai,Medium,Upper East Side,6:49,18:09,4.8,1
163,Bella Italia,Korean,Low,Lower East Side,0:52,16:36,2.2,1
164,Mama Mia's Pizzeria,Thai,High,Upper East Side,9:04,14:37,4.2,0
165,The Golden Spoon,Indian,High,Bushwick,5:21,12:45,1.5,0
166,The Spice Route,Italian,Medium,Greenpoint,0:38,20:10,1.2,1
167,Bella Italia,Mediterranean,Medium,Bushwick,8:59,15:39,4.3,0
168,Taste of Tokyo,French,Medium,Upper East Side,2:58,17:41,1.7,0
169,Mama Mia's Pizzeria,Thai,Medium,Park Slope,3:40,13:04,4.5,1
170,The Hungry Panda,Japanese,High,Park Slope,9:19,23:07,2.4,0
171,Sizzling Salsa,Greek,High,Astoria,11:36,21:25,1.2,1
172,The Golden Spoon,Greek,High,Williamsburg,0:21,20:50,3.7,0
173,The Spice Route,Japanese,High,Astoria,11:43,15:33,3.0,1
174,The Spice Route,Mexican,High,Upper East Side,1:54,14:37,3.7,0
175,Taste of Tokyo,Thai,Low,Upper East Side,3:16,18:38,4.4,0
176,The Hungry Panda,French,Low,Greenpoint,6:44,12:49,2.5,1
177,Bella Italia,Mediterranean,Medium,Upper East Side,9:52,14:09,1.8,1
178,Taste of Tokyo,Italian,High,Upper East Side,8:16,15:06,1.8,1
179,The Spice Route,Mediterranean,Low,Upper East Side,2:56,19:07,4.8,0
180,The Golden Spoon,Korean,Medium,Park Slope,6:42,12:00,3.0,0
181,The Spice Route,Indian,High,Harlem,6:32,20:44,4.0,1
182,Taste of Tokyo,Japanese,Medium,Bushwick,2:05,20:24,4.2,1
183,Mama Mia's Pizzeria,Italian,Medium,Park Slope,3:10,19:01,2.8,1
184,Cafe Parisienne,Indian,Medium,Williamsburg,9:47,13:18,1.8,0
185,The Golden Spoon,Greek,High,Harlem,7:23,16:04,1.5,0
186,Taste of Tokyo,Mediterranean,Medium,Upper East Side,3:25,22:28,1.8,0
187,Sizzling Salsa,French,Medium,Bushwick,3:38,15:29,1.5,0
188,Flaming Grill,Korean,Medium,Bushwick,11:21,12:33,2.5,1
189,Bella Italia,Indian,Medium,Harlem,10:46,19:14,1.1,1
190,Sizzling Salsa,Korean,Low,Harlem,3:08,17:14,3.4,1
191,The Spice Route,Chinese,High,Greenpoint,6:07,19:55,2.4,0
192,The Hungry Panda,French,High,Midtown,3:20,16:14,4.6,0
193,The Hungry Panda,Japanese,Medium,Midtown,2:07,22:02,3.5,0
194,The Golden Spoon,Indian,Medium,Astoria,1:43,20:51,1.1,0
195,Mama Mia's Pizzeria,Indian,Low,Chelsea,3:39,19:15,1.8,1
196,The Spice Route,Italian,High,Harlem,1:42,19:54,1.4,0
197,The Golden Spoon,Mediterranean,High,Harlem,3:56,22:07,4.9,1
198,The Golden Spoon,Italian,Low,Williamsburg,5:50,21:02,3.2,1
199,Bella Italia,Thai,Medium,Park Slope,7:24,12:22,4.2,0
200,Sizzling Salsa,Japanese,Low,Upper East Side,8:39,22:53,3.9,0
201,Sizzling Salsa,Korean,High,Astoria,3:45,23:40,4.0,0
202,The Spice Route,Korean,Low,Astoria,2:38,19:52,2.1,1
203,Sushi Samurai,Thai,High,Williamsburg,4:23,14:47,1.9,1
204,The Hungry Panda,Thai,High,Astoria,4:07,22:55,1.0,0
205,Cafe Parisienne,Thai,High,Chelsea,5:24,20:31,4.2,1
206,Flaming Grill,Japanese,Medium,Park Slope,0:13,16:39,4.1,0
207,Flaming Grill,Chinese,Low,Williamsburg,11:26,15:18,2.5,1
208,The Golden Spoon,Mediterranean,Low,Greenpoint,3:25,15:12,1.4,0
209,Bella Italia,Chinese,Medium,Greenpoint,8:23,17:52,4.9,0
210,Taste of Tokyo,Mediterranean,High,Chelsea,11:10,15:09,1.3,0
211,The Spice Route,Thai,Medium,Greenpoint,6:44,18:56,2.8,0
212,Taste of Tokyo,Chinese,High,Bushwick,5:31,20:33,4.7,0
213,The Hungry Panda,Greek,Medium,Astoria,7:21,17:13,2.0,1
214,The Golden Spoon,Korean,High,Williamsburg,5:15,17:32,1.4,1
215,Bella Italia,Korean,Medium,Lower East Side,5:28,19:23,1.9,1
216,Cafe Parisienne,Italian,High,Midtown,7:14,13:28,4.9,1
217,Flaming Grill,Mediterranean,Low,Lower East Side,8:28,17:18,2.5,1
218,Cafe Parisienne,Indian,High,Upper East Side,0:50,23:10,2.7,1
219,The Spice Route,French,Low,Lower East Side,8:50,12:09,3.6,1
220,Bella Italia,Mexican,High,Lower East Side,11:43,13:19,1.9,0
221,The Hungry Panda,Greek,High,Chelsea,7:34,12:28,4.3,0
222,Cafe Parisienne,Chinese,High,Astoria,8:37,12:50,3.2,0
223,Sushi Samurai,French,High,Williamsburg,3:05,14:15,2.3,1
224,Taste of Tokyo,Thai,Low,Upper East Side,10:14,14:03,1.3,0
225,Taste of Tokyo,Italian,Low,Park Slope,1:11,14:06,1.3,0
226,The Hungry Panda,Mexican,Low,Midtown,6:00,17:52,2.7,0
227,Bella Italia,Chinese,Low,Midtown,2:56,15:16,3.6,1
228,The Spice Route,Mexican,High,Harlem,7:21,18:10,3.7,0
229,The Golden Spoon,Greek,High,Williamsburg,3:40,18:05,2.1,0
230,Taste of Tokyo,French,Low,Harlem,7:37,22:16,4.2,0
231,Mama Mia's Pizzeria,Chinese,High,Park Slope,11:36,16:40,4.4,0
232,The Golden Spoon,Japanese,High,Midtown,4:33,21:48,1.6,0
233,Flaming Grill,Thai,Medium,Chelsea,3:23,19:56,1.7,0
234,Mama Mia's Pizzeria,Chinese,Low,Greenpoint,3:13,13:36,4.8,0
235,Sushi Samurai,French,Low,Astoria,2:56,14:35,3.1,1
236,Sushi Samurai,Mediterranean,High,Midtown,5:36,21:31,2.2,1
237,The Golden Spoon,Korean,High,Midtown,0:27,22:18,2.7,0
238,Bella Italia,Mexican,Low,Chelsea,9:28,23:02,4.0,0
239,The Hungry Panda,French,Medium,Bushwick,1:42,18:57,4.0,1
240,Sizzling Salsa,Italian,Low,Park Slope,5:06,15:13,4.4,0
241,Mama Mia's Pizzeria,Indian,Medium,Upper East Side,7:59,18:54,2.6,0
242,Flaming Grill,Greek,High,Williamsburg,0:08,12:50,1.2,1
243,Sizzling Salsa,Thai,Low,Chelsea,8:06,15:57,3.6,0
244,Sizzling Salsa,Chinese,Low,Midtown,6:29,12:48,3.7,1
245,Bella Italia,Thai,Low,Chelsea,9:00,16:35,1.4,1
246,Sizzling Salsa,French,Medium,Midtown,0:39,12:56,4.6,0
247,Flaming Grill,Thai,High,Harlem,9:30,16:02,2.6,0
248,Sushi Samurai,Mexican,High,Lower East Side,10:20,23:09,1.0,0
249,Taste of Tokyo,Indian,High,Midtown,4:11,14:53,4.5,0
250,Flaming Grill,French,Low,Williamsburg,6:23,20:12,3.0,1
251,Mama Mia's Pizzeria,French,Low,Williamsburg,1:15,14:58,2.0,0
252,Cafe Parisienne,Italian,High,Park Slope,8:09,14:19,2.3,1
253,Mama Mia's Pizzeria,Greek,Medium,Midtown,4:34,19:34,4.9,1
254,The Golden Spoon,Italian,Medium,Harlem,7:12,22:57,1.2,1
255,Flaming Grill,Italian,Medium,Astoria,6:24,18:19,2.0,1
256,The Hungry Panda,Korean,High,Greenpoint,6:32,23:01,2.8,1
257,Sushi Samurai,Greek,High,Midtown,1:03,17:32,4.4,0
258,Sushi Samurai,Greek,High,Lower East Side,11:36,19:02,3.9,0
259,The Golden Spoon,Korean,Low,Upper East Side,2:41,15:26,3.2,0
260,The Hungry Panda,Thai,Medium,Lower East Side,1:01,19:11,3.2,1
261,The Hungry Panda,Mediterranean,Low,Chelsea,4:21,16:22,1.3,0
262,Taste of Tokyo,Korean,Medium,Bushwick,3:45,16:59,1.6,0
263,Mama Mia's Pizzeria,Japanese,Low,Lower East Side,4:22,22:10,1.1,1
264,The Hungry Panda,Mediterranean,Low,Midtown,2:49,20:58,3.7,1
265,Cafe Parisienne,French,Medium,Lower East Side,7:37,15:12,4.6,0
266,Bella Italia,Japanese,Medium,Bushwick,11:35,13:46,1.0,0
267,Taste of Tokyo,Mediterranean,Low,Chelsea,11:38,22:48,4.4,1
268,Mama Mia's Pizzeria,Italian,High,Astoria,8:42,23:26,3.4,0
269,The Spice Route,Indian,Low,Williamsburg,11:53,20:47,4.6,0
270,Bella Italia,Greek,High,Harlem,4:41,22:03,2.9,1
271,Flaming Grill,Chinese,High,Williamsburg,4:58,20:36,3.2,0
272,Cafe Parisienne,Japanese,Medium,Astoria,5:03,19:43,2.0,0
273,Bella Italia,Thai,Low,Williamsburg,3:09,12:26,3.1,1
274,The Spice Route,Korean,High,Chelsea,10:27,18:01,2.3,1
275,The Golden Spoon,Indian,High,Astoria,3:57,20:04,1.5,0
276,The Hungry Panda,Mediterranean,Low,Bushwick,0:55,18:15,2.8,0
277,The Spice Route,Greek,Low,Harlem,5:18,13:57,2.3,0
278,The Spice Route,Chinese,High,Park Slope,11:21,13:11,4.2,1
279,Bella Italia,Mexican,Low,Greenpoint,8:16,22:46,4.1,0
280,The Golden Spoon,Thai,High,Astoria,2:20,20:07,2.1,0
281,Sizzling Salsa,Japanese,High,Lower East Side,3:40,12:49,3.3,0
282,Taste of Tokyo,Mexican,Medium,Bushwick,5:38,23:31,2.7,1
283,Sizzling Salsa,Thai,High,Bushwick,7:24,19:54,2.7,1
284,Mama Mia's Pizzeria,Mediterranean,Medium,Williamsburg,11:43,15:34,3.1,0
285,Mama Mia's Pizzeria,Indian,High,Greenpoint,9:54,18:11,2.3,0
286,Cafe Parisienne,Mexican,High,Park Slope,3:36,14:10,1.5,0
287,The Hungry Panda,Greek,Low,Upper East Side,5:28,21:53,3.6,1
288,Flaming Grill,Greek,Low,Williamsburg,9:25,23:50,2.4,0
289,The Spice Route,Korean,Low,Harlem,1:18,12:26,1.6,0
290,Flaming Grill,French,High,Upper East Side,8:29,16:27,1.8,1
291,Sizzling Salsa,Chinese,High,Upper East Side,9:11,16:29,3.6,0
292,Taste of Tokyo,Thai,High,Chelsea,5:10,21:50,1.1,1
293,Cafe Parisienne,Indian,Low,Williamsburg,5:07,19:54,2.9,1
294,The Hungry Panda,Thai,Medium,Upper East Side,7:58,20:32,1.7,0
295,Flaming Grill,Indian,Medium,Astoria,9:06,15:36,3.9,0
296,Cafe Parisienne,Mexican,High,Williamsburg,11:21,21:34,2.0,0
297,Sushi Samurai,Japanese,Low,Midtown,1:32,21:21,3.8,0
298,Flaming Grill,French,High,Upper East Side,3:27,18:06,3.0,0
299,Taste of Tokyo,Chinese,High,Greenpoint,3:15,14:13,3.7,1
300,The Hungry Panda,Italian,Medium,Lower East Side,1:35,12:36,3.1,0
301,Mama Mia's Pizzeria,Italian,High,Park Slope,5:47,15:58,3.0,0
302,Sushi Samurai,Japanese,High,Astoria,2:06,14:17,3.2,1
303,Flaming Grill,Thai,Medium,Astoria,10:44,18:02,2.6,1
304,The Spice Route,Mediterranean,Medium,Astoria,6:37,17:54,1.1,1
305,Sushi Samurai,Korean,High,Greenpoint,8:33,22:22,2.4,1
306,Flaming Grill,Italian,High,Lower East Side,7:53,15:37,1.3,0
307,The Hungry Panda,Greek,High,Upper East Side,0:57,14:21,3.5,0
308,Bella Italia,Korean,Low,Midtown,9:44,18:04,1.5,0
309,Mama Mia's Pizzeria,French,High,Williamsburg,5:13,16:04,1.2,1
310,Sushi Samurai,Greek,Medium,Chelsea,6:06,14:30,1.3,1
311,The Hungry Panda,Italian,High,Greenpoint,6:04,13:46,2.3,1
312,Sushi Samurai,Japanese,Low,Lower East Side,6:15,14:30,4.3,0
313,Sizzling Salsa,Italian,High,Greenpoint,3:42,18:25,2.2,0
314,Flaming Grill,Chinese,High,Williamsburg,2:50,17:06,1.6,0
315,Taste of Tokyo,Mediterranean,High,Upper East Side,5:15,14:27,3.6,0
316,Flaming Grill,Thai,High,Chelsea,6:42,18:25,2.6,0
317,Taste of Tokyo,French,High,Bushwick,5:34,23:41,1.5,0
318,Flaming Grill,Mexican,Medium,Astoria,7:31,16:12,1.4,1
319,Bella Italia,Mexican,Medium,Bushwick,8:19,14:35,1.3,0
320,Bella Italia,Thai,High,Park Slope,2:39,23:18,3.8,1
321,Cafe Parisienne,Indian,High,Astoria,7:20,18:16,4.2,0
322,Taste of Tokyo,Greek,High,Park Slope,11:44,18:51,2.3,1
323,The Golden Spoon,Mediterranean,High,Chelsea,3:19,18:15,1.5,1
324,Cafe Parisienne,Thai,Medium,Astoria,5:29,15:50,1.3,0
325,The Spice Route,Italian,Low,Midtown,3:44,12:17,1.9,1
326,The Spice Route,Mediterranean,Medium,Park Slope,11:13,14:31,4.9,1
327,Cafe Parisienne,Greek,Medium,Lower East Side,1:02,20:51,3.3,1
328,Cafe Parisienne,Japanese,High,Williamsburg,0:29,19:50,3.0,1
329,Mama Mia's Pizzeria,French,Low,Park Slope,5:18,13:47,2.1,1
330,The Hungry Panda,Chinese,High,Lower East Side,10:23,21:37,4.0,1
331,The Hungry Panda,Korean,High,Lower East Side,11:50,18:34,2.7,0
332,Mama Mia's Pizzeria,French,High,Upper East Side,5:57,17:15,4.9,0
333,Taste of Tokyo,Italian,High,Williamsburg,4:56,16:22,3.7,1
334,Mama Mia's Pizzeria,Greek,Low,Lower East Side,11:18,12:16,2.5,0
335,Sushi Samurai,Thai,Medium,Chelsea,8:57,19:35,2.0,0
336,Sushi Samurai,Korean,Medium,Upper East Side,8:05,19:39,3.8,1
337,Mama Mia's Pizzeria,Korean,Low,Upper East Side,2:43,18:27,4.9,1
338,Cafe Parisienne,Chinese,Low,Greenpoint,9:40,16:18,1.2,0
339,The Golden Spoon,Mexican,Medium,Midtown,11:29,15:52,1.4,0
340,The Spice Route,Greek,Low,Lower East Side,1:03,12:07,2.9,1
341,The Golden Spoon,Mexican,Low,Greenpoint,9:41,23:47,2.4,0
342,Bella Italia,Korean,Medium,Upper East Side,9:46,17:51,1.7,1
343,Sizzling Salsa,Chinese,Medium,Astoria,7:52,23:44,3.1,1
344,Mama Mia's Pizzeria,Greek,High,Astoria,0:49,15:57,1.2,1
345,The Spice Route,French,Low,Midtown,6:28,18:49,4.1,0
346,Mama Mia's Pizzeria,Chinese,Medium,Greenpoint,3:53,22:58,3.5,1
347,The Golden Spoon,Mediterranean,High,Harlem,11:41,15:13,1.6,0
348,Sizzling Salsa,Japanese,Low,Bushwick,7:57,18:46,4.4,0
349,The Hungry Panda,Japanese,Low,Harlem,0:58,16:18,1.4,0
350,The Golden Spoon,Greek,Low,Midtown,8:33,22:19,3.1,1
351,Mama Mia's Pizzeria,Japanese,High,Midtown,7:05,12:41,4.6,0
352,Flaming Grill,French,High,Chelsea,11:09,20:37,3.6,1
353,The Hungry Panda,Italian,High,Park Slope,7:50,16:53,4.5,1
354,Sushi Samurai,Korean,Medium,Bushwick,11:01,16:11,2.9,1
355,Taste of Tokyo,Indian,Low,Greenpoint,0:47,15:05,3.8,1
356,Sizzling Salsa,Greek,High,Greenpoint,0:25,23:54,3.8,0
357,Sushi Samurai,Korean,High,Lower East Side,5:58,17:38,4.3,1
358,The Spice Route,Greek,High,Upper East Side,8:28,21:36,4.2,1
359,Flaming Grill,Mexican,Medium,Lower East Side,1:05,18:31,2.0,1
360,The Spice Route,Thai,High,Greenpoint,10:52,14:44,4.1,0
361,The Hungry Panda,Korean,Low,Midtown,11:11,14:10,2.0,0
362,Sizzling Salsa,Italian,Low,Midtown,5:13,13:38,3.5,1
363,The Spice Route,Mediterranean,Medium,Harlem,3:49,15:12,1.3,0
364,Flaming Grill,Indian,Medium,Bushwick,5:17,14:06,4.2,0
365,Taste of Tokyo,Mexican,High,Chelsea,8:56,15:50,1.6,0
366,Flaming Grill,Mexican,Medium,Harlem,3:14,16:46,4.1,1
367,Mama Mia's Pizzeria,Mediterranean,Low,Harlem,0:19,13:13,4.1,1
368,Mama Mia's Pizzeria,Japanese,High,Lower East Side,10:32,19:33,2.0,1
369,Bella Italia,Italian,High,Bushwick,8:47,18:17,4.3,0
370,Mama Mia's Pizzeria,Greek,Low,Chelsea,2:54,18:24,3.2,0
371,Mama Mia's Pizzeria,Indian,High,Midtown,1:18,21:47,1.3,1
372,Bella Italia,Mediterranean,Medium,Astoria,2:34,17:28,4.4,1
373,The Hungry Panda,Japanese,Medium,Lower East Side,3:59,17:02,2.9,0
374,The Golden Spoon,Mediterranean,High,Harlem,4:28,23:39,3.6,0
375,Sizzling Salsa,Italian,Low,Greenpoint,2:50,21:59,3.4,0
376,Sizzling Salsa,Indian,Low,Harlem,6:54,13:19,2.4,1
377,Flaming Grill,French,Medium,Midtown,5:58,19:26,4.6,0
378,Taste of Tokyo,French,Low,Astoria,6:36,15:10,2.6,1
379,Mama Mia's Pizzeria,Mediterranean,Medium,Harlem,11:38,21:45,4.3,1
380,Taste of Tokyo,Korean,Medium,Bushwick,9:59,13:57,2.2,0
381,The Hungry Panda,Korean,Low,Williamsburg,6:44,18:55,1.6,1
382,Bella Italia,Greek,Low,Midtown,7:21,22:36,4.0,0
383,The Hungry Panda,Thai,Medium,Chelsea,10:50,16:29,4.6,0
384,Taste of Tokyo,Mexican,High,Park Slope,9:01,14:08,2.3,0
385,The Golden Spoon,Korean,Low,Park Slope,8:29,20:39,3.8,1
386,Bella Italia,Greek,High,Harlem,10:23,13:05,1.1,0
387,Mama Mia's Pizzeria,Italian,Medium,Greenpoint,11:19,15:13,1.2,1
388,The Hungry Panda,Italian,High,Midtown,10:56,16:12,2.0,1
389,Flaming Grill,Indian,High,Midtown,9:24,23:07,3.0,1
390,Sizzling Salsa,Mediterranean,Medium,Bushwick,8:58,15:04,4.6,1
391,Sizzling Salsa,Greek,High,Lower East Side,10:22,21:00,2.9,1
392,Cafe Parisienne,French,Medium,Greenpoint,11:30,23:17,2.9,0
393,The Golden Spoon,French,High,Harlem,4:58,17:59,3.6,1
394,Sushi Samurai,Mexican,High,Harlem,3:57,22:02,3.7,0
395,The Hungry Panda,Japanese,Medium,Midtown,5:13,21:00,4.2,0
396,Bella Italia,Korean,Low,Williamsburg,11:13,15:41,2.7,0
397,Taste of Tokyo,Japanese,Medium,Greenpoint,11:52,13:01,2.9,1
398,Mama Mia's Pizzeria,Japanese,Medium,Upper East Side,8:57,15:45,5.0,0
399,Sizzling Salsa,Indian,Medium,Park Slope,3:09,13:50,4.0,1
400,Cafe Parisienne,Italian,Medium,Greenpoint,6:17,13:42,1.4,1
401,Taste of Tokyo,Greek,Medium,Park Slope,11:57,12:49,2.2,1
402,Mama Mia's Pizzeria,Mexican,Medium,Lower East Side,0:14,13:37,4.1,1
403,Taste of Tokyo,Japanese,High,Bushwick,11:28,19:58,4.4,0
404,The Hungry Panda,Thai,High,Harlem,8:23,23:16,4.7,1
405,The Golden Spoon,Thai,Medium,Park Slope,10:19,13:13,2.5,1
406,Flaming Grill,Thai,Low,Lower East Side,8:54,21:56,2.7,0
407,Mama Mia's Pizzeria,Korean,Low,Harlem,9:06,15:59,2.5,1
408,The Spice Route,Greek,Medium,Midtown,3:45,14:36,2.0,1
409,Sushi Samurai,Italian,Medium,Harlem,9:24,23:29,2.4,0
410,The Golden Spoon,Indian,Medium,Park Slope,8:39,19:33,1.6,0
411,Mama Mia's Pizzeria,Italian,High,Greenpoint,10:19,19:35,5.0,1
412,Cafe Parisienne,Chinese,Medium,Williamsburg,4:52,21:35,1.3,0
413,The Spice Route,Indian,Medium,Lower East Side,3:30,21:16,1.3,0
414,The Hungry Panda,Mediterranean,Low,Chelsea,11:15,22:46,4.4,0
415,The Spice Route,Japanese,Low,Midtown,4:05,14:35,3.7,1
416,Mama Mia's Pizzeria,Mediterranean,Medium,Williamsburg,9:11,22:15,3.1,1
417,The Golden Spoon,Korean,High,Midtown,2:18,19:33,3.2,1
418,Bella Italia,Korean,Low,Astoria,5:20,18:05,3.0,1
419,Sizzling Salsa,French,Low,Astoria,6:14,13:54,4.3,0
420,The Spice Route,Japanese,Medium,Astoria,4:23,22:07,3.1,1
421,Cafe Parisienne,Italian,High,Lower East Side,4:35,21:07,1.0,1
422,Flaming Grill,French,Medium,Upper East Side,6:51,17:11,2.2,0
423,Cafe Parisienne,Chinese,Medium,Greenpoint,0:52,18:22,3.5,1
424,Flaming Grill,Thai,Low,Chelsea,9:34,18:15,2.9,0
425,Bella Italia,Korean,Low,Upper East Side,0:07,20:18,2.9,0
426,Sushi Samurai,Chinese,Low,Greenpoint,11:23,13:41,3.4,1
427,Sushi Samurai,Japanese,Medium,Williamsburg,1:59,12:26,1.9,1
428,Bella Italia,Greek,Low,Lower East Side,0:20,16:49,2.8,1
429,Mama Mia's Pizzeria,Indian,High,Harlem,10:45,22:51,3.2,0
430,The Hungry Panda,French,Medium,Park Slope,3:16,12:20,3.5,0
431,Bella Italia,Greek,High,Astoria,1:41,15:40,1.6,1
432,Sushi Samurai,Indian,High,Williamsburg,3:54,20:40,4.2,0
433,The Spice Route,Italian,Medium,Upper East Side,5:53,18:14,4.8,1
434,The Golden Spoon,French,Medium,Midtown,1:25,16:31,2.7,1
435,The Hungry Panda,Korean,Low,Harlem,6:04,15:24,1.9,1
436,Sushi Samurai,French,Low,Upper East Side,5:18,13:25,4.7,0
437,Cafe Parisienne,Italian,High,Park Slope,11:00,12:30,2.1,1
438,Cafe Parisienne,Korean,Medium,Greenpoint,5:53,13:38,4.8,0
439,Bella Italia,Thai,Medium,Lower East Side,2:23,19:08,3.4,1
440,Sushi Samurai,Mediterranean,High,Chelsea,2:56,21:43,1.3,1
441,Cafe Parisienne,Korean,High,Chelsea,2:29,22:27,1.7,1
442,Sizzling Salsa,Thai,High,Astoria,6:15,20:38,3.4,1
443,Flaming Grill,Thai,High,Williamsburg,7:15,22:38,3.6,1
444,The Golden Spoon,Indian,High,Upper East Side,9:08,23:55,4.9,0
445,Cafe Parisienne,Chinese,High,Upper East Side,10:53,18:28,3.5,1
446,Taste of Tokyo,French,High,Bushwick,0:46,15:46,4.0,1
447,Bella Italia,Indian,Low,Greenpoint,7:30,19:49,1.7,1
448,Flaming Grill,Indian,High,Greenpoint,3:24,22:23,1.2,0
449,The Golden Spoon,Korean,Low,Greenpoint,5:49,12:49,3.1,0
450,Sushi Samurai,Mexican,Low,Chelsea,8:02,18:33,2.4,1
451,Bella Italia,Indian,Medium,Lower East Side,0:21,20:24,1.0,1
452,Sushi Samurai,Thai,High,Park Slope,10:46,22:08,3.6,0
453,Mama Mia's Pizzeria,French,Medium,Midtown,10:44,18:40,4.2,1
454,Sizzling Salsa,Indian,Medium,Chelsea,4:59,17:36,2.2,1
455,Bella Italia,Mediterranean,High,Chelsea,11:02,16:06,1.2,1
456,Bella Italia,Mediterranean,Medium,Upper East Side,11:06,15:53,3.2,1
457,Taste of Tokyo,Japanese,Medium,Williamsburg,4:39,20:14,5.0,1
458,Sizzling Salsa,Mediterranean,Low,Park Slope,8:11,14:05,1.7,0
459,Sushi Samurai,Japanese,Medium,Midtown,2:51,20:53,2.9,0
460,The Spice Route,Chinese,Low,Chelsea,11:48,13:10,4.5,0
461,The Hungry Panda,French,High,Lower East Side,10:27,18:29,2.3,1
462,The Hungry Panda,Greek,High,Lower East Side,11:01,14:49,1.7,1
463,Bella Italia,Korean,Low,Astoria,3:08,19:04,2.0,0
464,Sizzling Salsa,Indian,Medium,Harlem,10:13,13:40,4.4,1
465,The Spice Route,Korean,Low,Astoria,0:28,23:52,4.2,1
466,The Spice Route,Mediterranean,High,Bushwick,1:39,13:40,2.8,0
467,Mama Mia's Pizzeria,Thai,Medium,Harlem,9:02,13:52,4.2,1
468,The Golden Spoon,Thai,High,Williamsburg,8:58,18:13,2.1,0
469,The Golden Spoon,Mexican,High,Park Slope,3:45,21:26,4.8,1
470,The Golden Spoon,Italian,High,Harlem,6:47,18:39,2.5,0
471,Sushi Samurai,Chinese,Medium,Williamsburg,10:54,21:55,4.6,0
472,The Golden Spoon,Korean,Low,Park Slope,9:36,20:49,2.3,0
473,Mama Mia's Pizzeria,Mediterranean,Medium,Lower East Side,6:09,20:07,3.3,1
474,Sizzling Salsa,Korean,Low,Chelsea,10:29,16:06,3.4,0
475,The Hungry Panda,Indian,High,Bushwick,11:04,21:39,2.1,0
476,The Golden Spoon,Chinese,High,Midtown,1:23,16:02,4.1,0
477,The Golden Spoon,Mediterranean,Low,Upper East Side,2:46,23:01,1.2,1
478,The Hungry Panda,Mediterranean,High,Upper East Side,8:59,17:12,1.3,0
479,Cafe Parisienne,Japanese,Medium,Midtown,10:28,14:45,3.9,0
480,Sushi Samurai,Korean,Low,Park Slope,11:20,16:32,3.9,1
481,The Spice Route,Indian,Medium,Upper East Side,0:37,17:14,1.2,0
482,Sizzling Salsa,Greek,High,Astoria,1:40,17:58,4.4,1
483,Sushi Samurai,Mediterranean,Low,Astoria,11:09,18:23,4.9,0
484,The Golden Spoon,Indian,Low,Midtown,2:59,22:59,3.8,1
485,Cafe Parisienne,Japanese,Low,Bushwick,3:09,23:15,4.6,0
486,The Spice Route,Chinese,High,Greenpoint,2:26,18:55,4.1,0
487,Sizzling Salsa,Greek,Low,Harlem,0:01,23:23,2.7,0
488,Bella Italia,Thai,High,Bushwick,3:15,13:40,1.7,1
489,Taste of Tokyo,Korean,Medium,Greenpoint,2:09,12:30,2.7,0
490,Cafe Parisienne,Korean,Low,Upper East Side,5:26,21:56,1.8,1
491,The Golden Spoon,Thai,High,Greenpoint,5:01,18:12,4.1,1
492,Flaming Grill,Japanese,Low,Bushwick,2:19,19:55,3.5,0
493,The Hungry Panda,Japanese,Medium,Harlem,3:58,14:11,1.9,0
494,Mama Mia's Pizzeria,Chinese,Low,Park Slope,9:39,21:27,2.0,0
495,The Spice Route,Italian,Low,Greenpoint,3:45,19:34,1.1,1
496,Sizzling Salsa,Chinese,Medium,Midtown,10:30,14:03,1.1,0
497,The Spice Route,Japanese,High,Chelsea,9:32,21:12,1.3,1
498,Bella Italia,Japanese,High,Chelsea,8:46,15:04,3.8,1
499,Sizzling Salsa,Mediterranean,Low,Upper East Side,1:04,17:08,4.2,1
500,Taste of Tokyo,Thai,Low,Park Slope,2:13,15:15,3.3,1
501,Flaming Grill,Chinese,High,Chelsea,6:23,14:01,4.1,0
502,Taste of Tokyo,Japanese,Medium,Lower East Side,8:09,22:55,1.8,1
503,Mama Mia's Pizzeria,Korean,Low,Upper East Side,7:47,16:29,3.4,0
504,Sushi Samurai,Greek,Medium,Williamsburg,6:06,12:30,2.3,0
505,Cafe Parisienne,Mediterranean,Low,Lower East Side,2:36,13:49,4.3,0
506,The Golden Spoon,Greek,Low,Midtown,9:15,15:28,4.2,1
507,Flaming Grill,Mexican,Low,Chelsea,2:49,19:02,2.2,0
508,Sizzling Salsa,Korean,Medium,Chelsea,8:05,19:29,1.1,0
509,The Hungry Panda,Indian,High,Astoria,4:27,18:31,3.9,1
510,The Spice Route,Italian,High,Lower East Side,6:09,13:28,3.7,0
511,Flaming Grill,Mexican,High,Williamsburg,3:52,20:39,4.9,0
512,Taste of Tokyo,Mexican,Medium,Upper East Side,10:12,22:39,3.1,1
513,Mama Mia's Pizzeria,French,Low,Lower East Side,9:06,19:42,2.4,1
514,Cafe Parisienne,Mediterranean,Medium,Harlem,11:06,16:49,4.5,0
515,Bella Italia,Japanese,High,Greenpoint,0:56,22:44,4.9,1
516,Sizzling Salsa,Greek,Medium,Astoria,5:23,20:54,1.3,1
517,Flaming Grill,Mexican,Medium,Williamsburg,3:08,21:51,1.3,1
518,Mama Mia's Pizzeria,Mediterranean,High,Upper East Side,6:06,12:59,3.1,1
519,Flaming Grill,Italian,High,Midtown,3:26,19:49,3.1,0
520,The Spice Route,Indian,Medium,Park Slope,1:51,18:15,2.4,1
521,Sizzling Salsa,Chinese,Low,Williamsburg,3:38,15:41,1.1,1
522,Bella Italia,Mediterranean,Low,Lower East Side,8:26,16:26,3.4,1
523,Mama Mia's Pizzeria,Mediterranean,Low,Midtown,8:01,18:49,2.9,0
524,The Golden Spoon,French,Low,Upper East Side,6:28,15:54,1.9,1
525,Flaming Grill,Korean,High,Astoria,7:54,16:58,1.4,1
526,The Spice Route,Korean,High,Harlem,9:32,23:35,2.7,0
527,Mama Mia's Pizzeria,Italian,Low,Astoria,11:05,20:40,2.8,1
528,Cafe Parisienne,Mediterranean,Medium,Park Slope,1:18,20:04,2.0,0
529,The Spice Route,Korean,High,Chelsea,4:24,22:14,2.5,0
530,Flaming Grill,French,Low,Bushwick,4:53,22:30,2.6,0
531,The Spice Route,Indian,High,Park Slope,1:05,17:03,3.6,0
532,The Hungry Panda,Mexican,Low,Lower East Side,4:12,13:59,3.0,1
533,Taste of Tokyo,Italian,High,Lower East Side,3:45,22:07,4.0,0
534,Sizzling Salsa,French,Medium,Astoria,10:45,14:24,2.5,0
535,The Golden Spoon,Mediterranean,Low,Bushwick,0:35,18:47,2.2,0
536,Bella Italia,Japanese,Low,Astoria,7:54,23:10,1.6,1
537,Flaming Grill,Mexican,High,Park Slope,7:34,21:44,1.2,0
538,The Golden Spoon,Mediterranean,Low,Harlem,8:57,22:58,1.8,0
539,Bella Italia,French,Medium,Midtown,6:43,22:41,3.2,0
540,Cafe Parisienne,Chinese,Medium,Greenpoint,5:58,20:30,4.7,0
541,Taste of Tokyo,Greek,Low,Bushwick,8:54,16:35,1.7,1
542,Sushi Samurai,Thai,High,Chelsea,11:24,16:27,3.9,0
543,The Spice Route,Italian,Low,Midtown,4:09,18:14,4.1,1
544,Flaming Grill,Greek,Low,Park Slope,7:15,17:00,1.6,0
545,The Golden Spoon,Thai,Medium,Chelsea,5:30,18:42,3.2,1
546,The Golden Spoon,Japanese,Low,Astoria,11:18,22:36,3.1,0
547,The Golden Spoon,French,High,Midtown,11:50,18:48,2.7,0
548,Sizzling Salsa,Italian,Low,Greenpoint,2:33,16:56,3.8,1
549,Cafe Parisienne,Japanese,Low,Williamsburg,9:50,16:04,2.9,0
550,Sizzling Salsa,French,High,Astoria,5:57,20:51,2.2,1
551,Mama Mia's Pizzeria,Indian,Low,Chelsea,1:45,21:47,3.7,0
552,Taste of Tokyo,French,Medium,Park Slope,11:58,13:42,3.9,0
553,Sushi Samurai,Greek,High,Harlem,8:35,18:11,4.7,0
554,The Hungry Panda,Greek,Medium,Midtown,1:10,23:22,2.4,0
555,Mama Mia's Pizzeria,Chinese,Medium,Midtown,9:08,12:31,4.7,1
556,The Golden Spoon,Mediterranean,Medium,Astoria,8:43,23:09,2.0,1
557,Sushi Samurai,Italian,Medium,Upper East Side,1:24,19:41,1.3,0
558,Sizzling Salsa,Japanese,Medium,Astoria,2:51,15:05,1.1,0
559,Sushi Samurai,Indian,Low,Midtown,8:56,22:24,3.2,0
560,Flaming Grill,Mediterranean,Medium,Bushwick,3:47,14:20,3.7,1
561,Bella Italia,Mexican,Low,Harlem,4:06,23:05,3.1,1
562,Sizzling Salsa,Indian,Low,Park Slope,11:25,20:11,4.3,0
563,Sizzling Salsa,Mexican,High,Williamsburg,4:44,13:40,2.3,0
564,Cafe Parisienne,Italian,Low,Upper East Side,3:58,23:03,2.3,1
565,The Hungry Panda,Thai,High,Chelsea,9:10,12:55,4.0,0
566,Mama Mia's Pizzeria,Japanese,High,Park Slope,5:57,14:08,2.6,0
567,Mama Mia's Pizzeria,Thai,High,Upper East Side,1:26,16:08,4.3,0
568,Mama Mia's Pizzeria,Greek,Medium,Upper East Side,9:37,22:51,4.3,1
569,Sizzling Salsa,Italian,Low,Upper East Side,5:59,16:28,3.0,0
570,Mama Mia's Pizzeria,Korean,Low,Greenpoint,9:09,13:34,1.2,0
571,The Hungry Panda,Greek,Medium,Chelsea,10:18,18:46,4.5,0
572,Taste of Tokyo,Japanese,High,Lower East Side,0:35,12:52,1.0,1
573,The Hungry Panda,Italian,High,Chelsea,4:45,19:08,4.6,0
574,Bella Italia,Greek,High,Upper East Side,6:52,12:40,4.0,0
575,Sizzling Salsa,Indian,High,Lower East Side,7:06,16:28,3.3,1
576,The Spice Route,Korean,Medium,Midtown,3:20,23:28,3.8,1
577,The Spice Route,Korean,High,Lower East Side,1:13,17:29,3.7,1
578,Mama Mia's Pizzeria,French,High,Lower East Side,2:46,16:58,3.1,0
579,Bella Italia,Chinese,Low,Williamsburg,1:24,13:30,3.9,0
580,The Spice Route,French,Medium,Midtown,8:01,19:27,4.6,1
581,The Golden Spoon,Korean,Low,Park Slope,11:19,16:59,1.2,0
582,Bella Italia,Mexican,High,Bushwick,7:45,23:04,1.5,0
583,Mama Mia's Pizzeria,Chinese,High,Lower East Side,5:21,15:52,3.1,0
584,The Golden Spoon,Japanese,Low,Harlem,5:25,21:45,3.7,1
585,Mama Mia's Pizzeria,Korean,Low,Williamsburg,9:33,21:35,1.3,1
586,Sushi Samurai,Mexican,High,Williamsburg,10:10,22:41,2.4,1
587,Taste of Tokyo,Thai,Low,Lower East Side,7:02,13:55,4.6,1
588,Mama Mia's Pizzeria,Mediterranean,High,Park Slope,1:47,20:08,1.1,1
589,Flaming Grill,Italian,Low,Upper East Side,5:04,17:20,2.4,0
590,The Hungry Panda,Greek,High,Williamsburg,9:03,22:58,4.5,1
591,The Spice Route,Mediterranean,Low,Harlem,5:48,20:46,2.3,0
592,The Spice Route,Korean,High,Lower East Side,6:04,13:38,3.4,1
593,Cafe Parisienne,Thai,Low,Greenpoint,5:55,22:20,1.0,0
594,The Hungry Panda,Japanese,Medium,Midtown,1:37,15:36,1.8,0
595,Mama Mia's Pizzeria,French,High,Park Slope,8:40,14:22,4.9,1
596,Sushi Samurai,Mediterranean,Medium,Bushwick,11:08,19:58,3.8,1
597,Bella Italia,Korean,Medium,Greenpoint,1:08,12:30,4.6,1
598,Bella Italia,Japanese,Low,Park Slope,9:31,18:16,4.3,0
599,Bella Italia,Italian,Medium,Bushwick,5:21,15:26,3.0,1
600,Bella Italia,Indian,Medium,Bushwick,11:58,17:48,1.3,0
601,The Golden Spoon,Indian,Medium,Lower East Side,8:20,23:56,4.0,1
602,Sushi Samurai,Italian,Low,Harlem,11:45,14:59,2.5,1
603,The Spice Route,Mediterranean,Medium,Astoria,8:00,15:53,3.7,1
604,Bella Italia,Greek,Low,Lower East Side,2:36,19:47,2.0,0
605,Bella Italia,Thai,Medium,Bushwick,1:36,23:02,4.3,1
606,The Golden Spoon,Thai,Medium,Bushwick,6:16,12:20,3.9,0
607,The Golden Spoon,Mexican,High,Williamsburg,5:17,14:50,3.4,0
608,The Hungry Panda,Mediterranean,High,Harlem,8:16,21:45,1.7,0
609,Bella Italia,Indian,Medium,Williamsburg,2:01,12:21,4.0,0
610,Cafe Parisienne,Korean,High,Midtown,2:25,13:06,2.8,1
611,Flaming Grill,Korean,High,Bushwick,7:26,20:40,4.7,1
612,Flaming Grill,French,High,Bushwick,5:26,22:26,2.4,0
613,Flaming Grill,Greek,Low,Harlem,9:01,22:43,4.0,0
614,Cafe Parisienne,French,High,Midtown,4:57,22:50,1.8,0
615,The Golden Spoon,Mexican,Low,Astoria,6:19,16:33,2.3,1
616,The Golden Spoon,Japanese,High,Williamsburg,1:24,17:46,4.3,0
617,The Golden Spoon,Korean,Medium,Park Slope,10:06,19:07,4.7,0
618,The Spice Route,Japanese,Low,Williamsburg,8:31,19:48,1.8,0
619,The Golden Spoon,Korean,Low,Harlem,9:56,19:08,3.1,1
620,Sizzling Salsa,French,High,Harlem,10:53,18:33,1.9,0
621,Sizzling Salsa,Thai,Low,Upper East Side,0:59,19:24,3.9,0
622,Bella Italia,French,Medium,Lower East Side,6:25,14:47,3.7,1
623,Sizzling Salsa,Thai,High,Upper East Side,11:35,20:07,2.0,0
624,Cafe Parisienne,Italian,High,Greenpoint,8:36,18:19,3.8,0
625,Mama Mia's Pizzeria,Chinese,Low,Astoria,10:11,18:29,3.7,0
626,The Hungry Panda,Mediterranean,Low,Bushwick,7:41,23:32,3.1,0
627,Sushi Samurai,Indian,High,Astoria,8:57,20:52,2.1,0
628,Taste of Tokyo,Greek,Medium,Upper East Side,9:27,19:31,3.1,1
629,The Golden Spoon,Italian,Medium,Lower East Side,7:13,16:28,3.2,1
630,The Spice Route,Mediterranean,Medium,Lower East Side,9:49,16:51,4.6,1
631,The Spice Route,Greek,Medium,Greenpoint,1:49,17:26,3.0,1
632,Mama Mia's Pizzeria,Chinese,Low,Harlem,3:31,23:09,1.3,0
633,Cafe Parisienne,Korean,High,Greenpoint,8:33,22:46,1.4,0
634,Bella Italia,Thai,Low,Harlem,11:03,20:06,2.4,0
635,Bella Italia,Indian,High,Midtown,6:37,16:18,3.4,0
636,Sizzling Salsa,Greek,Low,Lower East Side,1:03,16:45,4.6,1
637,Bella Italia,Greek,High,Park Slope,11:07,14:20,1.2,1
638,Sushi Samurai,Thai,Medium,Bushwick,7:34,23:19,2.4,1
639,Flaming Grill,Indian,High,Upper East Side,0:15,12:05,3.4,1
640,Sushi Samurai,Indian,High,Williamsburg,4:48,14:48,3.3,1
641,Bella Italia,Indian,Low,Upper East Side,0:28,14:09,2.4,1
642,Mama Mia's Pizzeria,Mediterranean,High,Midtown,5:31,13:28,4.8,0
643,Cafe Parisienne,Mediterranean,Low,Park Slope,3:44,12:29,2.0,0
644,The Hungry Panda,Thai,Low,Harlem,6:37,12:06,3.9,0
645,Sushi Samurai,Italian,Medium,Greenpoint,6:57,15:02,1.8,1
646,The Hungry Panda,Indian,Low,Williamsburg,2:45,22:29,2.8,1
647,Sushi Samurai,Mediterranean,Low,Lower East Side,10:17,16:45,3.9,1
648,Taste of Tokyo,Mediterranean,Low,Williamsburg,0:17,14:13,3.9,1
649,Bella Italia,French,Medium,Chelsea,10:00,13:15,1.3,1
650,Flaming Grill,Mexican,High,Harlem,7:43,13:15,2.5,0
651,Mama Mia's Pizzeria,Japanese,High,Greenpoint,1:28,22:26,4.7,1
652,Sushi Samurai,French,Low,Harlem,6:55,19:20,3.1,0
653,The Hungry Panda,Thai,High,Astoria,8:10,22:44,3.8,0
654,Bella Italia,Korean,High,Upper East Side,2:00,15:23,1.2,1
655,Mama Mia's Pizzeria,Italian,Low,Chelsea,5:34,20:18,2.1,0
656,Cafe Parisienne,Korean,Low,Lower East Side,8:23,19:50,1.5,0
657,Sushi Samurai,Chinese,Medium,Bushwick,5:43,17:36,1.7,0
658,The Golden Spoon,Korean,Low,Chelsea,11:10,23:30,1.5,0
659,The Hungry Panda,Thai,Medium,Bushwick,5:43,22:55,1.0,1
660,The Hungry Panda,Chinese,Low,Park Slope,3:43,18:57,1.3,1
661,Cafe Parisienne,Chinese,Medium,Lower East Side,9:00,16:22,1.6,0
662,Flaming Grill,Mexican,High,Midtown,9:46,18:04,4.6,1
663,Sushi Samurai,Mexican,Medium,Midtown,10:19,21:10,1.1,0
664,The Hungry Panda,Indian,High,Chelsea,9:09,21:06,3.2,1
665,The Spice Route,Indian,High,Bushwick,1:57,13:23,1.2,1
666,Sizzling Salsa,Chinese,High,Williamsburg,4:07,12:54,1.6,0
667,Cafe Parisienne,Italian,Medium,Astoria,1:59,18:52,2.1,0
668,Taste of Tokyo,Mexican,Medium,Chelsea,6:33,17:02,1.1,0
669,Taste of Tokyo,Thai,Medium,Upper East Side,9:13,20:58,4.0,1
670,Cafe Parisienne,Indian,High,Greenpoint,6:27,16:44,2.0,0
671,Cafe Parisienne,Chinese,Medium,Upper East Side,10:38,22:41,2.5,1
672,Taste of Tokyo,Indian,Low,Upper East Side,6:52,21:31,2.8,0
673,Sizzling Salsa,French,High,Greenpoint,4:51,13:17,1.0,1
674,Mama Mia's Pizzeria,Chinese,Medium,Williamsburg,0:50,22:18,1.7,1
675,The Spice Route,Indian,Medium,Midtown,5:29,23:05,1.8,0
676,Sizzling Salsa,Greek,Low,Harlem,5:45,13:21,1.7,0
677,Flaming Grill,Japanese,Low,Williamsburg,6:55,15:11,3.8,0
678,Sushi Samurai,Mexican,High,Astoria,7:37,15:58,1.9,0
679,Cafe Parisienne,Chinese,High,Upper East Side,10:35,16:05,2.3,1
680,The Hungry Panda,Italian,Medium,Greenpoint,9:06,18:16,2.2,1
681,The Golden Spoon,French,Medium,Bushwick,3:59,19:13,4.7,0
682,Mama Mia's Pizzeria,French,High,Chelsea,6:00,12:36,2.9,0
683,Mama Mia's Pizzeria,Indian,High,Midtown,0:29,21:53,4.3,1
684,Sizzling Salsa,Italian,Low,Lower East Side,4:32,12:57,2.0,1
685,Bella Italia,Greek,High,Lower East Side,6:40,19:58,4.8,1
686,The Golden Spoon,Chinese,Medium,Chelsea,1:15,12:46,4.6,1
687,The Spice Route,French,High,Harlem,8:18,13:06,4.4,0
688,Sizzling Salsa,Japanese,Medium,Greenpoint,6:05,21:46,2.8,0
689,The Golden Spoon,Chinese,Medium,Lower East Side,5:08,13:27,1.0,1
690,The Hungry Panda,Japanese,Medium,Bushwick,1:12,14:31,1.8,1
691,Bella Italia,Greek,Medium,Midtown,6:43,23:43,3.0,1
692,Mama Mia's Pizzeria,Korean,Medium,Lower East Side,3:50,15:36,3.1,0
693,Bella Italia,Italian,Medium,Midtown,11:28,13:40,1.0,1
694,The Spice Route,Italian,High,Williamsburg,6:03,16:49,3.0,1
695,Bella Italia,Japanese,High,Astoria,6:57,14:17,4.1,1
696,Taste of Tokyo,Chinese,Low,Midtown,11:46,22:32,3.7,1
697,The Golden Spoon,French,Medium,Lower East Side,6:04,13:28,1.2,0
698,The Golden Spoon,Korean,Medium,Williamsburg,7:02,21:43,2.3,0
699,The Spice Route,Indian,Medium,Midtown,7:57,13:45,1.2,0
700,The Hungry Panda,Korean,High,Midtown,6:29,14:43,1.0,1
701,Taste of Tokyo,Greek,High,Astoria,0:19,12:11,4.1,1
702,Cafe Parisienne,Greek,Low,Park Slope,2:07,18:15,1.4,1
703,Flaming Grill,Indian,Medium,Greenpoint,10:03,12:52,4.4,1
704,Mama Mia's Pizzeria,Italian,High,Bushwick,7:07,17:29,1.8,1
705,Flaming Grill,French,High,Lower East Side,11:20,14:52,2.1,1
706,Mama Mia's Pizzeria,Thai,Low,Harlem,3:48,22:52,3.2,1
707,The Hungry Panda,French,Low,Upper East Side,3:02,13:30,1.6,1
708,Sushi Samurai,Italian,High,Astoria,7:38,21:18,4.3,1
709,The Spice Route,Greek,High,Chelsea,0:33,20:17,3.8,1
710,Sizzling Salsa,Thai,Low,Bushwick,9:08,16:23,4.6,1
711,The Spice Route,Thai,High,Lower East Side,9:07,18:58,3.4,1
712,Cafe Parisienne,Japanese,High,Astoria,0:50,22:21,3.1,1
713,The Hungry Panda,Japanese,High,Park Slope,6:48,18:47,2.9,1
714,Flaming Grill,Japanese,High,Harlem,0:07,14:04,3.6,1
715,The Golden Spoon,Japanese,Medium,Greenpoint,6:27,21:16,4.3,0
716,Flaming Grill,Japanese,Medium,Astoria,4:43,17:08,2.2,1
717,Taste of Tokyo,Mexican,Medium,Bushwick,3:38,13:22,2.9,1
718,The Hungry Panda,French,Medium,Upper East Side,0:37,20:32,3.3,0
719,The Golden Spoon,Chinese,Low,Harlem,3:42,17:44,3.5,1
720,Taste of Tokyo,Chinese,Medium,Williamsburg,2:09,14:11,4.1,1
721,Taste of Tokyo,Thai,Low,Lower East Side,1:08,12:58,4.4,0
722,Mama Mia's Pizzeria,Italian,Low,Astoria,11:07,19:06,2.4,1
723,Mama Mia's Pizzeria,Japanese,High,Williamsburg,4:23,16:11,3.5,0
724,The Golden Spoon,Chinese,Medium,Upper East Side,9:31,17:17,1.6,0
725,Flaming Grill,Japanese,Low,Bushwick,9:49,15:14,4.1,0
726,Bella Italia,Greek,Low,Midtown,5:49,14:17,4.9,1
727,The Hungry Panda,Greek,High,Greenpoint,9:26,23:31,4.8,0
728,Flaming Grill,Greek,High,Lower East Side,7:41,15:57,4.0,1
729,Flaming Grill,Chinese,Low,Harlem,6:21,21:02,3.8,0
730,Flaming Grill,Indian,Medium,Harlem,7:51,17:46,4.2,0
731,The Hungry Panda,Thai,Medium,Upper East Side,11:24,14:50,4.5,1
732,Bella Italia,Indian,High,Astoria,10:03,14:57,1.4,0
733,Taste of Tokyo,French,Medium,Williamsburg,7:21,17:44,1.7,0
734,The Golden Spoon,Mediterranean,High,Upper East Side,5:37,18:03,4.0,0
735,The Golden Spoon,Mexican,Medium,Park Slope,2:06,20:36,2.1,1
736,Sushi Samurai,Mediterranean,Low,Bushwick,9:38,16:00,1.0,0
737,Mama Mia's Pizzeria,Korean,Low,Harlem,11:04,14:27,3.2,0
738,The Hungry Panda,Greek,Medium,Astoria,10:19,22:42,4.5,1
739,The Hungry Panda,Mediterranean,Medium,Williamsburg,10:18,18:08,1.9,1
740,Taste of Tokyo,Italian,Low,Midtown,1:59,21:11,4.0,1
741,The Golden Spoon,Chinese,High,Astoria,9:44,16:02,3.0,0
742,Flaming Grill,French,Medium,Greenpoint,1:13,20:46,1.8,1
743,Cafe Parisienne,Italian,Medium,Williamsburg,9:04,21:21,3.0,0
744,The Hungry Panda,Greek,High,Upper East Side,1:24,18:05,3.4,0
745,Sushi Samurai,French,Medium,Midtown,11:43,17:05,3.9,1
746,Taste of Tokyo,Japanese,Low,Greenpoint,9:38,14:15,2.4,1
747,Sushi Samurai,Japanese,Low,Lower East Side,9:51,13:15,1.4,0
748,Bella Italia,Mexican,High,Bushwick,11:48,17:34,1.6,0
749,The Spice Route,French,Medium,Lower East Side,2:52,17:13,3.2,1
750,Mama Mia's Pizzeria,Korean,Low,Chelsea,3:12,17:20,1.8,0
751,Taste of Tokyo,Mexican,Medium,Greenpoint,5:50,23:53,2.0,0
752,The Hungry Panda,French,Medium,Lower East Side,3:55,15:10,4.0,1
753,The Golden Spoon,Italian,Low,Midtown,6:31,12:44,3.2,0
754,Flaming Grill,Korean,High,Greenpoint,3:37,13:48,3.4,0
755,Sizzling Salsa,Italian,Low,Midtown,0:14,18:02,1.0,1
756,Cafe Parisienne,Greek,Medium,Williamsburg,9:31,18:27,3.9,0
757,Bella Italia,Greek,Low,Lower East Side,10:16,12:27,4.5,1
758,The Spice Route,Thai,High,Lower East Side,7:29,14:29,1.6,1
759,Flaming Grill,Mediterranean,Low,Harlem,0:33,15:39,3.4,0
760,Bella Italia,Korean,Low,Upper East Side,7:56,18:49,2.2,1
761,Mama Mia's Pizzeria,Korean,Low,Midtown,4:43,14:45,3.9,0
762,Mama Mia's Pizzeria,Chinese,Low,Midtown,11:57,12:43,4.9,0
763,Taste of Tokyo,Chinese,Low,Upper East Side,9:06,15:55,3.6,1
764,Sushi Samurai,French,Medium,Midtown,8:19,18:01,2.6,1
765,Sizzling Salsa,French,Low,Astoria,6:26,20:03,3.9,0
766,The Spice Route,Japanese,Medium,Greenpoint,0:57,18:04,3.9,1
767,Flaming Grill,Mexican,Medium,Upper East Side,1:30,18:14,1.3,1
768,Taste of Tokyo,Italian,Medium,Park Slope,8:04,16:42,3.5,0
769,The Golden Spoon,Italian,Medium,Greenpoint,10:53,13:26,4.5,1
770,The Golden Spoon,Greek,Low,Astoria,5:18,12:06,1.7,1
771,Bella Italia,French,Low,Midtown,5:46,13:31,2.5,1
772,The Spice Route,Greek,Low,Bushwick,0:58,12:53,4.1,1
773,The Spice Route,Mediterranean,High,Bushwick,6:41,14:28,2.4,0
774,The Hungry Panda,Indian,Low,Bushwick,5:31,23:06,4.3,0
775,The Spice Route,Greek,Low,Harlem,10:11,19:47,3.0,1
776,Mama Mia's Pizzeria,Japanese,Medium,Astoria,6:07,18:55,2.2,0
777,Sushi Samurai,Korean,Medium,Bushwick,5:29,18:47,3.7,0
778,Mama Mia's Pizzeria,Mediterranean,Low,Greenpoint,4:06,22:23,3.6,1
779,Cafe Parisienne,Korean,High,Astoria,2:26,17:11,4.3,0
780,The Golden Spoon,Mediterranean,High,Williamsburg,4:15,19:46,2.4,0
781,Bella Italia,Greek,High,Astoria,9:46,17:13,4.4,1
782,Cafe Parisienne,Indian,Medium,Bushwick,10:32,15:58,2.3,1
783,Flaming Grill,Chinese,Low,Lower East Side,6:27,21:48,2.0,0
784,Flaming Grill,Mexican,Low,Greenpoint,0:32,20:55,1.6,0
785,The Spice Route,Chinese,High,Astoria,10:57,23:57,3.5,1
786,The Hungry Panda,Indian,Medium,Greenpoint,8:17,16:25,2.6,1
787,Bella Italia,Indian,Medium,Greenpoint,10:29,15:31,2.7,0
788,The Hungry Panda,Indian,High,Park Slope,9:12,19:14,3.3,1
789,Mama Mia's Pizzeria,Japanese,Low,Midtown,9:17,22:58,2.5,0
790,Flaming Grill,Indian,Medium,Astoria,8:34,18:22,3.7,1
791,Bella Italia,Chinese,High,Astoria,9:05,17:18,4.8,1
792,Taste of Tokyo,Italian,High,Midtown,9:47,15:27,4.4,0
793,Flaming Grill,Mediterranean,Medium,Park Slope,2:16,15:09,3.7,1
794,Sizzling Salsa,Chinese,High,Greenpoint,2:18,14:22,2.4,0
795,The Spice Route,Mediterranean,High,Bushwick,10:12,18:06,3.8,1
796,The Spice Route,Indian,High,Chelsea,2:44,19:09,1.2,1
797,Flaming Grill,Italian,Medium,Greenpoint,10:22,18:57,5.0,1
798,Sushi Samurai,Italian,Medium,Upper East Side,8:31,15:57,2.9,1
799,The Hungry Panda,Thai,Low,Bushwick,3:32,12:26,2.9,1
800,The Hungry Panda,Mexican,High,Williamsburg,0:27,18:40,1.4,0
801,The Golden Spoon,Mediterranean,High,Bushwick,4:52,22:14,4.7,0
802,The Hungry Panda,Greek,Low,Lower East Side,4:24,15:13,1.9,1
803,Bella Italia,Korean,High,Upper East Side,9:35,12:58,3.8,0
804,Mama Mia's Pizzeria,Mexican,Low,Williamsburg,9:00,12:39,2.6,1
805,The Golden Spoon,Japanese,Low,Chelsea,4:42,19:50,1.6,1
806,Taste of Tokyo,Korean,High,Bushwick,7:45,23:05,3.9,0
807,Taste of Tokyo,Korean,High,Williamsburg,5:46,13:35,2.5,1
808,Sushi Samurai,Korean,High,Harlem,6:59,13:04,2.2,0
809,Sizzling Salsa,Mediterranean,High,Midtown,7:39,14:00,4.6,0
810,Sizzling Salsa,Mediterranean,Medium,Greenpoint,0:08,15:15,2.8,1
811,Mama Mia's Pizzeria,Mediterranean,Medium,Midtown,9:39,15:04,2.7,1
812,The Golden Spoon,Indian,Medium,Park Slope,6:38,17:31,1.9,0
813,Mama Mia's Pizzeria,Korean,Low,Bushwick,6:42,15:55,4.4,0
814,The Spice Route,Korean,Low,Bushwick,10:05,22:10,2.9,1
815,The Spice Route,Japanese,Medium,Astoria,0:09,23:50,2.8,0
816,The Spice Route,Indian,High,Bushwick,0:18,23:43,2.8,0
817,Bella Italia,Mexican,Medium,Upper East Side,6:52,19:15,1.6,0
818,Sushi Samurai,Thai,Medium,Lower East Side,10:29,21:39,4.7,0
819,Sizzling Salsa,French,Medium,Astoria,11:35,18:47,1.7,1
820,Cafe Parisienne,Italian,High,Chelsea,3:22,13:17,1.8,0
821,Sizzling Salsa,Korean,Medium,Lower East Side,1:55,17:09,4.5,0
822,Flaming Grill,Indian,Low,Upper East Side,8:09,21:38,2.7,1
823,Mama Mia's Pizzeria,Mediterranean,Low,Park Slope,9:25,21:46,4.2,0
824,Flaming Grill,Indian,Medium,Park Slope,3:33,12:58,1.6,0
825,Mama Mia's Pizzeria,Korean,Medium,Park Slope,1:31,19:10,1.9,1
826,Bella Italia,Greek,High,Lower East Side,8:23,23:26,4.9,1
827,Flaming Grill,Chinese,Medium,Astoria,9:38,19:07,4.5,1
828,Sizzling Salsa,Greek,Medium,Park Slope,10:55,16:32,4.7,1
829,Mama Mia's Pizzeria,Thai,Low,Williamsburg,2:50,15:07,2.7,0
830,Bella Italia,Chinese,Low,Upper East Side,11:28,13:43,2.4,0
831,Bella Italia,Korean,Medium,Astoria,8:31,20:23,3.9,0
832,Sizzling Salsa,Mediterranean,High,Park Slope,7:21,22:22,2.1,1
833,Bella Italia,Chinese,High,Bushwick,10:14,17:34,4.6,1
834,Cafe Parisienne,Korean,Medium,Midtown,2:55,13:06,4.4,0
835,Flaming Grill,Indian,Low,Harlem,3:41,15:12,1.7,1
836,Cafe Parisienne,Mediterranean,High,Astoria,0:39,22:04,1.8,0
837,The Hungry Panda,Greek,Low,Chelsea,5:23,21:42,4.8,1
838,Bella Italia,Thai,Medium,Bushwick,8:56,20:01,3.6,1
839,Taste of Tokyo,French,Medium,Park Slope,11:00,15:35,1.3,0
840,Cafe Parisienne,Korean,High,Lower East Side,9:57,17:12,2.9,1
841,Cafe Parisienne,Italian,Low,Midtown,4:57,14:42,4.2,0
842,Flaming Grill,Italian,Medium,Upper East Side,2:48,20:57,1.3,1
843,The Golden Spoon,French,High,Williamsburg,1:05,14:40,2.4,0
844,Cafe Parisienne,Mediterranean,High,Upper East Side,11:46,15:28,1.6,0
845,The Hungry Panda,French,Medium,Greenpoint,8:24,16:11,1.1,1
846,Sushi Samurai,Greek,High,Bushwick,4:19,20:23,4.4,0
847,The Hungry Panda,Mexican,Medium,Chelsea,8:34,22:06,2.2,1
848,The Hungry Panda,Japanese,High,Williamsburg,7:29,21:59,3.9,0
849,Cafe Parisienne,French,Low,Upper East Side,11:57,13:01,3.5,0
850,The Hungry Panda,Chinese,Medium,Harlem,4:35,12:21,1.7,0
851,Flaming Grill,French,Low,Park Slope,10:21,12:46,4.0,0
852,Mama Mia's Pizzeria,Chinese,Medium,Midtown,3:20,17:39,1.2,0
853,Mama Mia's Pizzeria,Mediterranean,Medium,Greenpoint,10:48,18:29,4.8,1
854,Bella Italia,Japanese,Low,Lower East Side,10:58,13:17,4.2,1
855,Mama Mia's Pizzeria,Italian,Medium,Upper East Side,5:24,18:18,1.1,0
856,Sizzling Salsa,Mexican,High,Williamsburg,0:29,16:37,4.5,0
857,The Spice Route,Indian,Low,Midtown,7:07,12:07,1.8,0
858,The Golden Spoon,Thai,High,Williamsburg,1:45,19:01,2.0,0
859,Mama Mia's Pizzeria,Mediterranean,Low,Bushwick,10:36,17:09,3.4,1
860,Mama Mia's Pizzeria,Mexican,High,Bushwick,6:47,22:26,2.0,0
861,Flaming Grill,Thai,High,Upper East Side,8:38,19:42,1.4,0
862,Flaming Grill,Mexican,Low,Astoria,3:42,20:23,1.4,1
863,The Spice Route,Korean,Low,Bushwick,8:55,22:21,3.2,0
864,Sizzling Salsa,Japanese,High,Williamsburg,2:16,15:59,3.4,1
865,The Golden Spoon,Japanese,Low,Lower East Side,4:02,20:30,3.3,0
866,Taste of Tokyo,Mexican,High,Park Slope,2:57,17:07,4.6,0
867,The Golden Spoon,Indian,Low,Midtown,0:01,17:11,2.2,1
868,Bella Italia,French,Medium,Lower East Side,6:39,17:38,2.7,0
869,Sushi Samurai,Chinese,High,Greenpoint,1:55,19:53,3.5,0
870,Cafe Parisienne,Indian,Low,Astoria,8:29,12:07,1.0,0
871,Flaming Grill,Japanese,Low,Midtown,2:00,13:29,3.4,0
872,Sushi Samurai,Japanese,Low,Park Slope,9:44,21:23,3.0,1
873,Mama Mia's Pizzeria,Mexican,High,Chelsea,6:35,22:59,3.7,0
874,Sizzling Salsa,Italian,Medium,Midtown,2:10,18:42,4.6,0
875,The Spice Route,Mediterranean,Medium,Midtown,7:38,16:45,3.9,0
876,Bella Italia,Greek,Low,Greenpoint,8:31,19:44,3.6,1
877,The Hungry Panda,Korean,Low,Williamsburg,9:10,19:49,1.2,1
878,The Hungry Panda,Mediterranean,Low,Greenpoint,8:09,20:11,1.2,0
879,Sushi Samurai,Chinese,Medium,Upper East Side,3:06,16:38,4.0,1
880,The Golden Spoon,Indian,Low,Williamsburg,9:45,14:40,3.5,0
881,The Hungry Panda,Thai,Medium,Lower East Side,7:25,17:12,4.0,0
882,Bella Italia,Mexican,Low,Lower East Side,4:52,17:55,1.2,1
883,Taste of Tokyo,Indian,Low,Park Slope,1:15,20:42,1.2,0
884,The Golden Spoon,Italian,High,Chelsea,3:33,16:38,3.3,1
885,The Hungry Panda,Greek,Medium,Lower East Side,11:45,16:17,1.6,1
886,Sizzling Salsa,Indian,Low,Williamsburg,3:51,17:45,3.1,1
887,Sizzling Salsa,Japanese,High,Park Slope,9:19,15:53,1.4,0
888,The Golden Spoon,Thai,Medium,Upper East Side,8:58,18:25,4.9,0
889,Taste of Tokyo,Korean,Low,Chelsea,3:45,16:20,2.8,0
890,The Spice Route,French,Medium,Park Slope,5:59,12:30,3.3,0
891,Flaming Grill,Chinese,Low,Astoria,7:10,22:33,3.9,0
892,Flaming Grill,Greek,Low,Upper East Side,11:44,22:11,2.3,1
893,Flaming Grill,Mexican,High,Chelsea,0:53,19:23,2.1,1
894,Cafe Parisienne,Mediterranean,Medium,Williamsburg,1:51,20:51,4.8,1
895,The Spice Route,Mexican,Low,Bushwick,10:16,22:05,3.1,1
896,Bella Italia,Greek,High,Upper East Side,9:03,21:54,4.8,1
897,Sushi Samurai,Korean,Low,Upper East Side,11:34,21:28,2.8,1
898,Sushi Samurai,Chinese,Low,Park Slope,5:33,20:22,4.5,0
899,Cafe Parisienne,French,Low,Harlem,9:03,15:03,4.4,0
900,Sushi Samurai,Indian,High,Greenpoint,0:51,23:36,1.7,0
901,Bella Italia,Thai,Low,Chelsea,5:10,17:04,4.8,0
902,Sushi Samurai,Thai,High,Bushwick,10:37,16:32,3.2,0
903,Cafe Parisienne,Korean,High,Williamsburg,0:26,17:25,4.2,0
904,Sizzling Salsa,French,High,Greenpoint,8:56,16:13,1.1,0
905,Mama Mia's Pizzeria,Greek,Low,Greenpoint,9:20,19:06,4.0,0
906,The Spice Route,French,Medium,Park Slope,5:11,14:39,3.1,0
907,Mama Mia's Pizzeria,Chinese,Low,Harlem,4:59,23:50,3.9,0
908,Sushi Samurai,Italian,Low,Bushwick,6:16,15:42,3.7,1
909,The Spice Route,Korean,Low,Park Slope,1:47,16:56,4.8,0
910,Sizzling Salsa,Thai,High,Chelsea,4:25,19:36,2.7,1
911,The Hungry Panda,Indian,Low,Williamsburg,8:36,23:17,2.8,0
912,Sushi Samurai,Mexican,High,Upper East Side,3:00,22:31,4.2,1
913,Sushi Samurai,Indian,Low,Harlem,5:49,19:19,1.3,1
914,The Hungry Panda,Indian,High,Williamsburg,5:49,17:49,4.7,1
915,Sushi Samurai,Indian,Medium,Greenpoint,4:49,19:32,5.0,0
916,Sushi Samurai,Mediterranean,Medium,Greenpoint,6:10,18:54,2.3,1
917,Cafe Parisienne,Mediterranean,Medium,Harlem,7:07,18:51,1.7,1
918,Bella Italia,Mediterranean,Medium,Greenpoint,10:46,15:36,3.3,1
919,The Golden Spoon,Italian,High,Williamsburg,8:42,22:51,4.4,0
920,Sushi Samurai,French,Low,Lower East Side,7:00,13:44,2.3,1
921,Bella Italia,Thai,High,Park Slope,9:41,15:20,1.4,1
922,Flaming Grill,French,Medium,Greenpoint,11:09,22:40,4.6,1
923,Flaming Grill,Mediterranean,High,Upper East Side,8:44,13:14,1.1,1
924,Taste of Tokyo,Mediterranean,Medium,Park Slope,2:48,17:56,4.1,1
925,Sizzling Salsa,Italian,Low,Greenpoint,7:10,18:54,4.4,0
926,Cafe Parisienne,Indian,Low,Harlem,8:17,19:55,1.4,0
927,Cafe Parisienne,Mexican,Low,Park Slope,2:14,19:31,2.1,1
928,Mama Mia's Pizzeria,Chinese,High,Williamsburg,5:28,14:10,2.8,0
929,Sizzling Salsa,Mexican,Medium,Harlem,10:50,13:37,3.2,0
930,Taste of Tokyo,Mexican,Medium,Harlem,9:18,23:18,1.7,0
931,Cafe Parisienne,Indian,Low,Upper East Side,10:12,12:12,3.8,1
932,Bella Italia,Thai,Medium,Chelsea,0:10,19:57,2.7,0
933,Sushi Samurai,Korean,Low,Upper East Side,1:39,17:29,2.7,0
934,Taste of Tokyo,Indian,High,Bushwick,1:06,21:29,3.0,1
935,The Hungry Panda,Indian,Medium,Chelsea,4:02,17:54,2.2,0
936,Cafe Parisienne,Indian,Medium,Greenpoint,8:39,20:43,5.0,0
937,The Golden Spoon,French,Medium,Chelsea,10:57,22:34,3.0,0
938,Bella Italia,Mediterranean,Low,Bushwick,7:28,17:54,4.4,0
939,Sushi Samurai,Mediterranean,Medium,Upper East Side,10:14,12:26,1.1,1
940,Sizzling Salsa,Chinese,Low,Astoria,2:55,21:05,3.3,1
941,Mama Mia's Pizzeria,Mediterranean,Low,Park Slope,10:56,13:34,3.3,0
942,Sushi Samurai,Indian,High,Upper East Side,0:42,17:19,4.9,1
943,The Spice Route,Thai,High,Greenpoint,10:22,19:04,3.1,0
944,Cafe Parisienne,French,Low,Lower East Side,1:41,12:41,3.4,1
945,The Golden Spoon,Italian,High,Williamsburg,0:56,16:31,2.5,0
946,Taste of Tokyo,Indian,Low,Harlem,6:15,17:44,2.5,1
947,Flaming Grill,Mexican,Low,Lower East Side,5:14,14:38,4.2,0
948,The Spice Route,Indian,Medium,Harlem,7:31,22:08,1.2,1
949,Bella Italia,Thai,Low,Greenpoint,6:45,20:08,5.0,1
950,The Hungry Panda,Chinese,Low,Chelsea,8:50,13:36,4.1,1
951,Sushi Samurai,Thai,Medium,Bushwick,0:19,20:28,4.8,1
952,The Golden Spoon,Indian,Low,Greenpoint,6:57,12:58,2.5,0
953,The Golden Spoon,Italian,High,Chelsea,11:37,19:01,2.9,1
954,Sizzling Salsa,Greek,Low,Harlem,9:37,19:12,1.7,0
955,Sizzling Salsa,Mexican,Medium,Greenpoint,1:42,15:23,1.6,0
956,Mama Mia's Pizzeria,Greek,High,Lower East Side,4:00,23:18,3.9,1
957,The Golden Spoon,French,Medium,Greenpoint,0:51,17:15,3.7,1
958,Sushi Samurai,Italian,Medium,Park Slope,2:21,17:24,1.5,1
959,Taste of Tokyo,Greek,High,Midtown,0:09,17:52,4.9,0
960,Mama Mia's Pizzeria,Mexican,Low,Williamsburg,6:53,17:47,3.2,0
961,Bella Italia,Mediterranean,High,Greenpoint,3:28,16:19,4.7,0
962,Mama Mia's Pizzeria,Thai,High,Park Slope,8:27,13:25,3.7,0
963,Cafe Parisienne,Japanese,Low,Park Slope,7:26,20:34,3.4,0
964,Sushi Samurai,Chinese,Medium,Harlem,10:10,21:21,3.1,1
965,Bella Italia,Mediterranean,Medium,Greenpoint,0:15,21:41,2.9,0
966,Mama Mia's Pizzeria,Chinese,Low,Williamsburg,2:42,16:43,2.9,1
967,Mama Mia's Pizzeria,French,High,Astoria,8:54,20:28,2.3,0
968,Sushi Samurai,Mediterranean,Medium,Lower East Side,5:54,18:59,1.2,0
969,Mama Mia's Pizzeria,Greek,High,Park Slope,2:09,12:31,3.1,0
970,The Golden Spoon,Italian,High,Bushwick,5:57,21:55,1.7,1
971,Mama Mia's Pizzeria,Korean,Medium,Midtown,9:55,14:34,3.0,0
972,Sushi Samurai,Mediterranean,Medium,Astoria,9:26,23:42,2.6,1
973,The Golden Spoon,Thai,Low,Bushwick,3:58,19:06,1.4,0
974,The Hungry Panda,Italian,High,Lower East Side,9:04,12:00,4.1,1
975,Flaming Grill,Mexican,Medium,Lower East Side,7:49,16:09,3.5,0
976,Taste of Tokyo,Japanese,Low,Williamsburg,5:45,20:26,1.4,0
977,Taste of Tokyo,Mediterranean,Low,Greenpoint,3:24,21:55,3.7,1
978,The Spice Route,Japanese,High,Midtown,11:06,19:35,3.9,0
979,Cafe Parisienne,Thai,Medium,Upper East Side,10:34,14:59,4.6,1
980,Taste of Tokyo,French,Medium,Chelsea,8:59,23:21,3.0,0
981,The Golden Spoon,French,High,Astoria,6:23,15:48,4.9,0
982,The Spice Route,Chinese,Low,Harlem,2:47,18:27,1.4,0
983,Sizzling Salsa,Thai,High,Greenpoint,1:19,23:31,1.8,1
984,The Hungry Panda,Thai,Low,Greenpoint,6:05,15:06,3.8,1
985,Bella Italia,Thai,Low,Harlem,11:18,16:00,3.3,0
986,The Golden Spoon,Indian,High,Chelsea,11:31,17:10,3.3,1
987,Sushi Samurai,Mexican,High,Harlem,10:25,16:26,4.7,0
988,The Golden Spoon,Chinese,High,Midtown,3:11,19:17,2.2,0
989,Bella Italia,Indian,Medium,Upper East Side,7:00,14:25,1.1,0
990,Taste of Tokyo,Chinese,Low,Greenpoint,4:44,16:37,1.7,0
991,The Hungry Panda,French,Medium,Williamsburg,0:27,22:27,1.4,1
992,Sushi Samurai,French,Medium,Greenpoint,7:21,19:41,1.6,0
993,The Spice Route,Chinese,Medium,Harlem,3:34,13:16,1.0,0
994,Mama Mia's Pizzeria,Thai,High,Astoria,1:07,18:50,2.8,0
995,The Hungry Panda,Indian,High,Chelsea,3:27,16:48,2.0,1
996,Flaming Grill,Greek,High,Park Slope,6:10,12:59,1.9,1
997,The Spice Route,Italian,Low,Harlem,6:22,15:01,2.0,0
998,The Spice Route,Japanese,High,Bushwick,10:33,19:06,1.7,1
999,Mama Mia's Pizzeria,Mexican,Medium,Greenpoint,7:48,12:45,2.7,0
1000,Flaming Grill,Mexican,Low,Harlem,9:32,22:11,4.3,0
